{"cameraMode":{"drawMode":0,"name":"Shaded","section":"Shading Mode"},"sceneLighting":false,"audioPlay":false,"sceneViewState":{"showFog":true,"showMaterialUpdate":false,"showSkybox":true,"showFlares":true,"showImageEffects":true,"showParticleSystems":true},"in2DMode":false,"pivot":{"x":10.807679176330567,"y":6.596151351928711,"z":1.177963376045227},"rotation":{"x":0.12045429646968842,"y":-0.8747965097427368,"z":0.27956971526145937,"w":0.37691211700439455},"size":0.6000571846961975,"orthographic":false}