{"cameraMode":{"drawMode":0,"name":"Shaded","section":"Shading Mode"},"sceneLighting":false,"audioPlay":false,"sceneViewState":{"showFog":true,"showMaterialUpdate":false,"showSkybox":true,"showFlares":true,"showImageEffects":true,"showParticleSystems":true},"in2DMode":false,"pivot":{"x":3.5893187522888185,"y":7.135284900665283,"z":-3.343918800354004},"rotation":{"x":-0.021076161414384843,"y":-0.9603102207183838,"z":0.26766106486320498,"w":-0.07561559230089188},"size":-2.8897833824157717,"orthographic":false}