{"cameraMode":{"drawMode":0,"name":"Shaded","section":"Shading Mode"},"sceneLighting":false,"audioPlay":false,"sceneViewState":{"showFog":true,"showMaterialUpdate":false,"showSkybox":true,"showFlares":true,"showImageEffects":true,"showParticleSystems":true},"in2DMode":false,"pivot":{"x":-45.99546432495117,"y":-26.782575607299806,"z":-31.31292152404785},"rotation":{"x":-0.4032253324985504,"y":0.21415424346923829,"z":-0.09764957427978516,"w":-0.8843143582344055},"size":16.0041446685791,"orthographic":false}