{"cameraMode":{"drawMode":0,"name":"Shaded","section":"Shading Mode"},"sceneLighting":false,"audioPlay":false,"sceneViewState":{"showFog":true,"showMaterialUpdate":false,"showSkybox":true,"showFlares":true,"showImageEffects":true,"showParticleSystems":true},"in2DMode":false,"pivot":{"x":3.9115116596221926,"y":31.974895477294923,"z":-23.818979263305665},"rotation":{"x":-0.45494866371154787,"y":0.039245132356882098,"z":-0.02007475681602955,"w":-0.8894259929656982},"size":0.00005715767838410102,"orthographic":false}