{"cameraMode":{"drawMode":0,"name":"Shaded","section":"Shading Mode"},"sceneLighting":true,"audioPlay":false,"sceneViewState":{"showFog":true,"showMaterialUpdate":false,"showSkybox":true,"showFlares":true,"showImageEffects":true,"showParticleSystems":true},"in2DMode":false,"pivot":{"x":-112.02547454833985,"y":-67.68426513671875,"z":-159.46949768066407},"rotation":{"x":-0.04849671572446823,"y":0.9456459283828735,"z":-0.16682188212871552,"w":-0.27490440011024477},"size":210.04837036132813,"orthographic":false}